,accuracy,sensibility,specificity,precision,balanced_accuracy,f1-score
0,0.7124074737344794,0.9928929765886287,0.502219089390142,0.5991548762797738,0.7475560329893853,0.7473351601526137
