,accuracy,sensibility,specificity,precision,balanced_accuracy,f1-score
0,0.9586335630743525,1.0,0.9338468603874416,0.9005741536723872,0.9669234301937208,0.9476864156362976
