,accuracy,sensibility,specificity,precision,balanced_accuracy,f1-score
0,0.9977166905444126,1.0,0.9960056390977443,0.9946979935544236,0.9980028195488722,0.9973419502788347
