,accuracy,sensibility,specificity,precision,balanced_accuracy,f1-score
0,0.9773175542406312,0.9630350194552529,0.992,0.9919839679358717,0.9775175097276265,0.9772951628825272
