,accuracy,sensibility,specificity,precision,balanced_accuracy,f1-score
0,0.649250835721108,0.9705615942028986,0.40846908939014204,0.5514777203713601,0.6895153417965203,0.7033236136882898
