,accuracy,sensibility,specificity,precision,balanced_accuracy,f1-score
0,0.9733709273182958,1.0,0.9574148296593187,0.9336455893832943,0.9787074148296593,0.9656842955187727
