,accuracy,sensibility,specificity,precision,balanced_accuracy,f1-score
0,0.9750925262655206,1.0,0.9564275271512114,0.9450498798274783,0.9782137635756056,0.9717487347021683
